{
    "Views": 0.054519416937160475,
    "Comments": -0.08518700650406102,
    "Likes": 0.03924831111411457,
    "Popularity": 0.009233293336317148,
    "Followers": 0.09194242326253005
}